{"cameraMode":{"drawMode":0,"name":"Shaded","section":"Shading Mode"},"sceneLighting":true,"audioPlay":false,"sceneViewState":{"showFog":true,"showMaterialUpdate":false,"showSkybox":true,"showFlares":true,"showImageEffects":true,"showParticleSystems":true},"in2DMode":false,"pivot":{"x":-0.10254544019699097,"y":-0.24705946445465089,"z":41.78155517578125},"rotation":{"x":0.10316625982522965,"y":0.702202320098877,"z":-0.10397373139858246,"w":0.6967489719390869},"size":5.062768936157227,"orthographic":false}