{"cameraMode":{"drawMode":0,"name":"Shaded","section":"Shading Mode"},"sceneLighting":true,"audioPlay":false,"sceneViewState":{"showFog":true,"showMaterialUpdate":false,"showSkybox":true,"showFlares":true,"showImageEffects":true,"showParticleSystems":true},"in2DMode":false,"pivot":{"x":0.20598793029785157,"y":1.0739212036132813,"z":43.0379638671875},"rotation":{"x":0.2302175909280777,"y":-0.37194281816482546,"z":0.0957653671503067,"w":0.8941412568092346},"size":0.8795446753501892,"orthographic":true}