{"cameraMode":{"drawMode":0,"name":"Shaded","section":"Shading Mode"},"sceneLighting":true,"audioPlay":false,"sceneViewState":{"showFog":true,"showMaterialUpdate":false,"showSkybox":true,"showFlares":true,"showImageEffects":true,"showParticleSystems":true},"in2DMode":false,"pivot":{"x":0.323577880859375,"y":1.1301727294921876,"z":43.33062744140625},"rotation":{"x":-0.00023846267140470445,"y":-0.9622439742088318,"z":0.0008658542647026479,"w":-0.2722240388393402},"size":1.4266606569290162,"orthographic":true}