{"cameraMode":{"drawMode":0,"name":"Shaded","section":"Shading Mode"},"sceneLighting":false,"audioPlay":false,"sceneViewState":{"showFog":true,"showMaterialUpdate":false,"showSkybox":false,"showFlares":true,"showImageEffects":true,"showParticleSystems":true},"in2DMode":false,"pivot":{"x":-354.59259033203127,"y":214.84104919433595,"z":2.117795705795288},"rotation":{"x":-0.13604757189750672,"y":-0.30295801162719729,"z":0.04374389350414276,"w":-0.9422303438186646},"size":0.19944803416728974,"orthographic":true}