{"cameraMode":{"drawMode":0,"name":"Shaded","section":"Shading Mode"},"sceneLighting":false,"audioPlay":false,"sceneViewState":{"showFog":true,"showMaterialUpdate":false,"showSkybox":false,"showFlares":true,"showImageEffects":true,"showParticleSystems":true},"in2DMode":false,"pivot":{"x":0.4418356418609619,"y":1.07696533203125,"z":43.47265625},"rotation":{"x":-0.0004470913845580071,"y":0.9540007710456848,"z":-0.29981762170791628,"w":-0.0014323309296742082},"size":0.11940986663103104,"orthographic":true}