{"cameraMode":{"drawMode":0,"name":"Shaded","section":"Shading Mode"},"sceneLighting":false,"audioPlay":false,"sceneViewState":{"showFog":true,"showMaterialUpdate":false,"showSkybox":false,"showFlares":true,"showImageEffects":true,"showParticleSystems":true},"in2DMode":false,"pivot":{"x":0.4302825927734375,"y":1.03240966796875,"z":43.47991943359375},"rotation":{"x":0.11968303471803665,"y":0.8263694047927856,"z":-0.19174505770206452,"w":0.515791118144989},"size":0.11281443387269974,"orthographic":true}