{"cameraMode":{"drawMode":0,"name":"Shaded","section":"Shading Mode"},"sceneLighting":true,"audioPlay":false,"sceneViewState":{"showFog":true,"showMaterialUpdate":false,"showSkybox":true,"showFlares":true,"showImageEffects":true,"showParticleSystems":true},"in2DMode":false,"pivot":{"x":-0.16431541740894319,"y":1.5152902603149415,"z":43.19011306762695},"rotation":{"x":0.026786455884575845,"y":0.9732241630554199,"z":-0.1605553776025772,"w":0.16236966848373414},"size":0.09511915594339371,"orthographic":true}