{"cameraMode":{"drawMode":0,"name":"Shaded","section":"Shading Mode"},"sceneLighting":false,"audioPlay":false,"sceneViewState":{"showFog":true,"showMaterialUpdate":false,"showSkybox":false,"showFlares":true,"showImageEffects":true,"showParticleSystems":true},"in2DMode":false,"pivot":{"x":0.438232421875,"y":1.1160888671875,"z":43.491943359375},"rotation":{"x":0.011803638190031052,"y":0.9639849066734314,"z":-0.26212623715400698,"w":0.043408650904893878},"size":0.08464999496936798,"orthographic":true}