{"cameraMode":{"drawMode":0,"name":"Shaded","section":"Shading Mode"},"sceneLighting":true,"audioPlay":false,"sceneViewState":{"showFog":true,"showMaterialUpdate":false,"showSkybox":true,"showFlares":true,"showImageEffects":true,"showParticleSystems":true},"in2DMode":false,"pivot":{"x":-0.09219467639923096,"y":1.4424123764038087,"z":43.34657287597656},"rotation":{"x":0.020603831857442857,"y":0.9732424020767212,"z":-0.09666697680950165,"w":0.20743924379348756},"size":7.176888465881348,"orthographic":false}