{"cameraMode":{"drawMode":0,"name":"Shaded","section":"Shading Mode"},"sceneLighting":false,"audioPlay":false,"sceneViewState":{"showFog":true,"showMaterialUpdate":false,"showSkybox":false,"showFlares":true,"showImageEffects":true,"showParticleSystems":true},"in2DMode":false,"pivot":{"x":-354.01324462890627,"y":1.607474684715271,"z":-215.05809020996095},"rotation":{"x":0.3839041292667389,"y":0.3953022062778473,"z":-0.1865837275981903,"w":0.8133512139320374},"size":0.3950907289981842,"orthographic":true}