{"cameraMode":{"drawMode":0,"name":"Shaded","section":"Shading Mode"},"sceneLighting":false,"audioPlay":false,"sceneViewState":{"showFog":true,"showMaterialUpdate":false,"showSkybox":false,"showFlares":true,"showImageEffects":true,"showParticleSystems":true},"in2DMode":false,"pivot":{"x":-0.6979999542236328,"y":0.651519775390625,"z":0.15057945251464845},"rotation":{"x":0.06474865972995758,"y":0.8844561576843262,"z":-0.44372376799583437,"w":0.12905904650688172},"size":0.6335398554801941,"orthographic":true}