{"cameraMode":{"drawMode":0,"name":"Shaded","section":"Shading Mode"},"sceneLighting":false,"audioPlay":false,"sceneViewState":{"showFog":true,"showMaterialUpdate":false,"showSkybox":false,"showFlares":true,"showImageEffects":true,"showParticleSystems":true},"in2DMode":false,"pivot":{"x":-354.01727294921877,"y":215.16310119628907,"z":21.680830001831056},"rotation":{"x":-0.013028549961745739,"y":-0.9868763089179993,"z":0.12049918621778488,"w":-0.10670311003923416},"size":0.6335301399230957,"orthographic":false}