{"cameraMode":{"drawMode":0,"name":"Shaded","section":"Shading Mode"},"sceneLighting":false,"audioPlay":false,"sceneViewState":{"showFog":true,"showMaterialUpdate":false,"showSkybox":false,"showFlares":true,"showImageEffects":true,"showParticleSystems":true},"in2DMode":false,"pivot":{"x":-354.4117736816406,"y":1.608474612236023,"z":-215.27157592773438},"rotation":{"x":0.2989286780357361,"y":0.2914283871650696,"z":-0.0964154526591301,"w":0.9035588502883911},"size":0.008761719800531865,"orthographic":true}