{"cameraMode":{"drawMode":0,"name":"Shaded","section":"Shading Mode"},"sceneLighting":false,"audioPlay":false,"sceneViewState":{"showFog":true,"showMaterialUpdate":false,"showSkybox":false,"showFlares":true,"showImageEffects":true,"showParticleSystems":true},"in2DMode":false,"pivot":{"x":0.1638641357421875,"y":0.651519775390625,"z":2.940000057220459},"rotation":{"x":0.0656416267156601,"y":0.9342571496963501,"z":-0.24054588377475739,"w":0.2549426853656769},"size":0.6709741950035095,"orthographic":true}