{"cameraMode":{"drawMode":0,"name":"Shaded","section":"Shading Mode"},"sceneLighting":false,"audioPlay":false,"sceneViewState":{"showFog":true,"showMaterialUpdate":false,"showSkybox":false,"showFlares":true,"showImageEffects":true,"showParticleSystems":true},"in2DMode":false,"pivot":{"x":-0.715301513671875,"y":0.6162643432617188,"z":0.0113525390625},"rotation":{"x":0.13641571998596192,"y":0.8633854389190674,"z":-0.353384792804718,"w":0.33328333497047427},"size":4.979142189025879,"orthographic":true}