{"cameraMode":{"drawMode":0,"name":"Shaded","section":"Shading Mode"},"sceneLighting":false,"audioPlay":false,"sceneViewState":{"showFog":true,"showMaterialUpdate":false,"showSkybox":false,"showFlares":true,"showImageEffects":true,"showParticleSystems":true},"in2DMode":false,"pivot":{"x":-353.61376953125,"y":1.599474549293518,"z":-215.1630859375},"rotation":{"x":0.10324002802371979,"y":0.8472820520401001,"z":-0.17872931063175202,"w":0.48940080404281618},"size":0.10699690878391266,"orthographic":true}