{"cameraMode":{"drawMode":0,"name":"Shaded","section":"Shading Mode"},"sceneLighting":true,"audioPlay":false,"sceneViewState":{"showFog":true,"showMaterialUpdate":false,"showSkybox":true,"showFlares":true,"showImageEffects":true,"showParticleSystems":true},"in2DMode":false,"pivot":{"x":0.5672607421875,"y":1.466552734375,"z":42.77880859375},"rotation":{"x":0.05559593439102173,"y":0.8107795715332031,"z":-0.0780835896730423,"w":0.5774751901626587},"size":1.3125927448272706,"orthographic":true}